1,3/1/2024
1,3/2/2024
1,3/3/2024
1,3/4/2024
1,3/5/2024
1,3/6/2024
1,3/7/2024
1,3/8/2024
1,3/9/2024
1,3/10/2024
2,3/2/2024
2,3/3/2024
2,3/4/2024
2,3/4/2024
2,3/5/2024
2,3/6/2024
2,3/7/2024
2,3/8/2024
2,3/9/2024
3,3/10/2024
3,3/11/2024
3,3/12/2024
3,3/13/2024
3,3/15/2024
3,3/16/2024
3,3/17/2024
1,3/17/2024
1,3/18/2024
1,3/19/2024
1,3/20/2024
1,3/21/2024
1,3/22/2024
1,3/23/2024
4,3/12/2024
4,3/13/2024
4,3/14/2024
4,3/15/2024
4,3/16/2024
4,3/17/2024
4,3/18/2024
5,3/16/2024
5,3/18/2024
5,3/18/2024
6,3/18/2024
6,3/18/2024
6,3/19/2024
6,3/20/2024
6,3/20/2024
6,3/22/2024
6,3/22/2024
6,3/24/2024
